[{"model": "auth.user", "pk": 1, "fields": {"password": "pbkdf2_sha256$30000$J3aCeDehdegF$Yei4Q98XpjXmqkFft86WK2jtUjNvDUl8Ljm8jTXIkjo=", "last_login": "2017-01-14T08:52:43.090Z", "is_superuser": true, "username": "cez", "first_name": "Cezary", "last_name": "Czernecki", "email": "czarek.czernecki@gmail.com", "is_staff": true, "is_active": true, "date_joined": "2016-08-04T16:07:43.880Z", "groups": [], "user_permissions": []}}, {"model": "auth.user", "pk": 12, "fields": {"password": "pbkdf2_sha256$30000$2ReKDUWCwwyr$v5aZRvoJsiE3mWL1lIcTfY1IlTzLAVsgPI4x5tSuAJY=", "last_login": null, "is_superuser": false, "username": "Cez", "first_name": "", "last_name": "", "email": "cezary.czernecki@go.art.pl", "is_staff": false, "is_active": true, "date_joined": "2016-12-29T14:22:52.885Z", "groups": [], "user_permissions": []}}, {"model": "sessions.session", "pk": "0nuxzb96do3akr5ouexw71s4uvx6c97c", "fields": {"session_data": "Nzk3MWZjNDViZTJkODQzZThlZTg3YmNlYzhjMjA4MWZhODM2NDUyZjp7Il9zZXNzaW9uX2V4cGlyeSI6MCwiX2F1dGhfdXNlcl9iYWNrZW5kIjoiZGphbmdvLmNvbnRyaWIuYXV0aC5iYWNrZW5kcy5Nb2RlbEJhY2tlbmQiLCJfYXV0aF91c2VyX2lkIjoiMSIsIl9hdXRoX3VzZXJfaGFzaCI6IjNlNGU1ODYyNzZjNDM4MzhkOWZmNWZiMzQzZDUwMjI3MDAxOTc5ZTYifQ==", "expire_date": "2016-09-30T15:28:39.241Z"}}, {"model": "sessions.session", "pk": "1744ws08n041bdwm9za5nlk1u61n1v48", "fields": {"session_data": "ODk3OTcyMDIxZjY5MmU1ZmRjOGE5Y2ViYjc0YWEyZDkwYTA1MmM3ZDp7Il9zZXNzaW9uX2V4cGlyeSI6MCwiX2F1dGhfdXNlcl9pZCI6IjEiLCJfYXV0aF91c2VyX2hhc2giOiIzZTRlNTg2Mjc2YzQzODM4ZDlmZjVmYjM0M2Q1MDIyNzAwMTk3OWU2IiwiX2F1dGhfdXNlcl9iYWNrZW5kIjoiZGphbmdvLmNvbnRyaWIuYXV0aC5iYWNrZW5kcy5Nb2RlbEJhY2tlbmQifQ==", "expire_date": "2016-10-01T07:40:34.525Z"}}, {"model": "sessions.session", "pk": "1i7ieabq2bmc68g0pu5nncown5noa31z", "fields": {"session_data": "NTYxMGJhZjE3NmQ0YWZhNDQ5MjU1YzliYWU1ZTAyYjk0MjYyMDgxZjp7Il9hdXRoX3VzZXJfaWQiOiIxIiwiX3Nlc3Npb25fZXhwaXJ5IjowLCJfYXV0aF91c2VyX2hhc2giOiIzZTRlNTg2Mjc2YzQzODM4ZDlmZjVmYjM0M2Q1MDIyNzAwMTk3OWU2IiwiX2F1dGhfdXNlcl9iYWNrZW5kIjoiZGphbmdvLmNvbnRyaWIuYXV0aC5iYWNrZW5kcy5Nb2RlbEJhY2tlbmQifQ==", "expire_date": "2016-10-01T09:24:47.131Z"}}, {"model": "sessions.session", "pk": "20dahic5sdtqw43e3aicvbrnxx6p529k", "fields": {"session_data": "MzMxMzExMTM1MjBlYjM5ZWRiNDFiMWY3ZTE1ZmNiZDA4MDdkNWJjNzp7Il9hdXRoX3VzZXJfaGFzaCI6IjAyODBkZmNlM2U0ODc5MDc4YmZlYWUwMTExMDEzYWQwYmY3NDJlMWYiLCJfYXV0aF91c2VyX2JhY2tlbmQiOiJkamFuZ28uY29udHJpYi5hdXRoLmJhY2tlbmRzLk1vZGVsQmFja2VuZCIsIl9zZXNzaW9uX2V4cGlyeSI6MCwiX2F1dGhfdXNlcl9pZCI6IjEifQ==", "expire_date": "2016-10-11T08:31:41.190Z"}}, {"model": "sessions.session", "pk": "3exna4zh9qgzre5cck7ocu4mtj2ujy1p", "fields": {"session_data": "YjhlNWE4NWViMTliZGQ3ZmQ1ZTA0MzU1M2VlODk5ZDNjNWFmMTYyMTp7Il9hdXRoX3VzZXJfaWQiOiIxIiwiX3Nlc3Npb25fZXhwaXJ5IjowLCJfYXV0aF91c2VyX2JhY2tlbmQiOiJkamFuZ28uY29udHJpYi5hdXRoLmJhY2tlbmRzLk1vZGVsQmFja2VuZCIsIl9hdXRoX3VzZXJfaGFzaCI6IjNlNGU1ODYyNzZjNDM4MzhkOWZmNWZiMzQzZDUwMjI3MDAxOTc5ZTYifQ==", "expire_date": "2016-10-01T07:35:03.725Z"}}, {"model": "sessions.session", "pk": "3vyw5bxnuofjojxtjvlsbbhu1occz5ks", "fields": {"session_data": "Nzk3MWZjNDViZTJkODQzZThlZTg3YmNlYzhjMjA4MWZhODM2NDUyZjp7Il9zZXNzaW9uX2V4cGlyeSI6MCwiX2F1dGhfdXNlcl9iYWNrZW5kIjoiZGphbmdvLmNvbnRyaWIuYXV0aC5iYWNrZW5kcy5Nb2RlbEJhY2tlbmQiLCJfYXV0aF91c2VyX2lkIjoiMSIsIl9hdXRoX3VzZXJfaGFzaCI6IjNlNGU1ODYyNzZjNDM4MzhkOWZmNWZiMzQzZDUwMjI3MDAxOTc5ZTYifQ==", "expire_date": "2016-10-01T07:36:51.356Z"}}, {"model": "sessions.session", "pk": "424lm5mv2qmlf3llk8gvt7kssihgw79y", "fields": {"session_data": "MWJkMDRjZjJkZTI2NTk0ZTQ2YzZkODlmMTkzZjNiOWQyNWI0MjkyZjp7Il9hdXRoX3VzZXJfaGFzaCI6IjNlNGU1ODYyNzZjNDM4MzhkOWZmNWZiMzQzZDUwMjI3MDAxOTc5ZTYiLCJfc2Vzc2lvbl9leHBpcnkiOjAsIl9hdXRoX3VzZXJfYmFja2VuZCI6ImRqYW5nby5jb250cmliLmF1dGguYmFja2VuZHMuTW9kZWxCYWNrZW5kIiwiX2F1dGhfdXNlcl9pZCI6IjEifQ==", "expire_date": "2016-10-01T07:32:14.184Z"}}, {"model": "sessions.session", "pk": "52jjnxyrknu1wfemffkfpde50mtzvrv8", "fields": {"session_data": "MjdhYzkzYzZmODYyMjM1OGViMDgxYjlkNGQ4OGNmNTEwYzhjNjFjMTp7Il9zZXNzaW9uX2V4cGlyeSI6MCwiX2F1dGhfdXNlcl9oYXNoIjoiM2U0ZTU4NjI3NmM0MzgzOGQ5ZmY1ZmIzNDNkNTAyMjcwMDE5NzllNiIsIl9hdXRoX3VzZXJfYmFja2VuZCI6ImRqYW5nby5jb250cmliLmF1dGguYmFja2VuZHMuTW9kZWxCYWNrZW5kIiwiX2F1dGhfdXNlcl9pZCI6IjEifQ==", "expire_date": "2016-10-01T07:32:52.590Z"}}, {"model": "sessions.session", "pk": "5qgzekmmdc11y9zn3g6iz6km5jspxbll", "fields": {"session_data": "Nzk3MWZjNDViZTJkODQzZThlZTg3YmNlYzhjMjA4MWZhODM2NDUyZjp7Il9zZXNzaW9uX2V4cGlyeSI6MCwiX2F1dGhfdXNlcl9iYWNrZW5kIjoiZGphbmdvLmNvbnRyaWIuYXV0aC5iYWNrZW5kcy5Nb2RlbEJhY2tlbmQiLCJfYXV0aF91c2VyX2lkIjoiMSIsIl9hdXRoX3VzZXJfaGFzaCI6IjNlNGU1ODYyNzZjNDM4MzhkOWZmNWZiMzQzZDUwMjI3MDAxOTc5ZTYifQ==", "expire_date": "2016-10-02T18:39:30.553Z"}}, {"model": "sessions.session", "pk": "6gjjw1zv53t1isp889vfrtxecjsqtgop", "fields": {"session_data": "ZDQzODA3MzY1ZjBmZDBhMmIwMWMyMDQ2MzViOTVkZTZjN2UxOWQ5MTp7Il9zZXNzaW9uX2V4cGlyeSI6MCwiX2F1dGhfdXNlcl9iYWNrZW5kIjoiZGphbmdvLmNvbnRyaWIuYXV0aC5iYWNrZW5kcy5Nb2RlbEJhY2tlbmQiLCJfYXV0aF91c2VyX2hhc2giOiIzMjg5YmE0NDhiMjFhNzIwODYzMjBkYjVmY2I4YmJjMzg2MDA3OTRiIiwiX2F1dGhfdXNlcl9pZCI6IjEifQ==", "expire_date": "2016-10-11T10:46:03.014Z"}}, {"model": "sessions.session", "pk": "6i9qjl0ldqrzxvcaydi6rvjxxs49iwyi", "fields": {"session_data": "ZjQ4ZTdmMmY4MmM4MmU2ODkwZGE2YmRiNWM5NDI0NTNmMThjYWUwYzp7Il9hdXRoX3VzZXJfaWQiOiIxIiwiX2F1dGhfdXNlcl9oYXNoIjoiM2U0ZTU4NjI3NmM0MzgzOGQ5ZmY1ZmIzNDNkNTAyMjcwMDE5NzllNiIsIl9hdXRoX3VzZXJfYmFja2VuZCI6ImRqYW5nby5jb250cmliLmF1dGguYmFja2VuZHMuTW9kZWxCYWNrZW5kIiwiX3Nlc3Npb25fZXhwaXJ5IjowfQ==", "expire_date": "2016-09-30T13:26:34.338Z"}}, {"model": "sessions.session", "pk": "6y1asd6u76mm1wwj202kdkzm96d5ioec", "fields": {"session_data": "YTIyYmI0ZTQ0MmJhNzM0NWM5MmVkNWJmZDIxNjZmNTYyNTRiNWI4ODp7fQ==", "expire_date": "2016-10-02T16:10:55.522Z"}}, {"model": "sessions.session", "pk": "7e8k71dv8gj7g6i7wlq233mfgxqses1q", "fields": {"session_data": "MGNmZDkzNzAwNmFjMGRiNDA2NDUzYzkwOWE1ZDU1NWJmMDI5ODNiNDp7Il9zZXNzaW9uX2V4cGlyeSI6MCwiX2F1dGhfdXNlcl9iYWNrZW5kIjoiZGphbmdvLmNvbnRyaWIuYXV0aC5iYWNrZW5kcy5Nb2RlbEJhY2tlbmQiLCJfYXV0aF91c2VyX2hhc2giOiJkNjBhMjU5ZWE3OTg1YTlmYjBhZmVmNjM5YjkyY2I2OTNjOWFmMjI3IiwiX2F1dGhfdXNlcl9pZCI6IjEifQ==", "expire_date": "2016-10-22T14:19:15.649Z"}}, {"model": "sessions.session", "pk": "80mw7aq9aisipzxz5kz9lgdgu9oopt67", "fields": {"session_data": "YjNmYjJmODRlMGI0ZTIzYTUzMDI1NDZkNjIyNzRhYjk4MjQ5NzkzMDp7Il9hdXRoX3VzZXJfYmFja2VuZCI6ImRqYW5nby5jb250cmliLmF1dGguYmFja2VuZHMuTW9kZWxCYWNrZW5kIiwiX2F1dGhfdXNlcl9oYXNoIjoiZDYwYTI1OWVhNzk4NWE5ZmIwYWZlZjYzOWI5MmNiNjkzYzlhZjIyNyIsIl9zZXNzaW9uX2V4cGlyeSI6MCwiX2F1dGhfdXNlcl9pZCI6IjEifQ==", "expire_date": "2016-11-23T13:30:49.047Z"}}, {"model": "sessions.session", "pk": "8p8ptk3hy2pf9ru1cg90l0dxm9sto21c", "fields": {"session_data": "YjY2MmJhOWZmNTdmNWU5ODE3YWRjMGQyZTA4YzEwYTc0YmFkYjZmNjp7Il9zZXNzaW9uX2V4cGlyeSI6MCwiX2F1dGhfdXNlcl9oYXNoIjoiZDYwYTI1OWVhNzk4NWE5ZmIwYWZlZjYzOWI5MmNiNjkzYzlhZjIyNyIsIl9hdXRoX3VzZXJfaWQiOiIxIiwiX2F1dGhfdXNlcl9iYWNrZW5kIjoiZGphbmdvLmNvbnRyaWIuYXV0aC5iYWNrZW5kcy5Nb2RlbEJhY2tlbmQifQ==", "expire_date": "2016-10-12T18:45:52.767Z"}}, {"model": "sessions.session", "pk": "9934sy9u5skzroopw9wdblhvfb8iw5zx", "fields": {"session_data": "Nzk3MWZjNDViZTJkODQzZThlZTg3YmNlYzhjMjA4MWZhODM2NDUyZjp7Il9zZXNzaW9uX2V4cGlyeSI6MCwiX2F1dGhfdXNlcl9iYWNrZW5kIjoiZGphbmdvLmNvbnRyaWIuYXV0aC5iYWNrZW5kcy5Nb2RlbEJhY2tlbmQiLCJfYXV0aF91c2VyX2lkIjoiMSIsIl9hdXRoX3VzZXJfaGFzaCI6IjNlNGU1ODYyNzZjNDM4MzhkOWZmNWZiMzQzZDUwMjI3MDAxOTc5ZTYifQ==", "expire_date": "2016-10-01T07:37:05.049Z"}}, {"model": "sessions.session", "pk": "a4ooh91i01bpp5ry6q2jupqxingobptj", "fields": {"session_data": "MWJkMDRjZjJkZTI2NTk0ZTQ2YzZkODlmMTkzZjNiOWQyNWI0MjkyZjp7Il9hdXRoX3VzZXJfaGFzaCI6IjNlNGU1ODYyNzZjNDM4MzhkOWZmNWZiMzQzZDUwMjI3MDAxOTc5ZTYiLCJfc2Vzc2lvbl9leHBpcnkiOjAsIl9hdXRoX3VzZXJfYmFja2VuZCI6ImRqYW5nby5jb250cmliLmF1dGguYmFja2VuZHMuTW9kZWxCYWNrZW5kIiwiX2F1dGhfdXNlcl9pZCI6IjEifQ==", "expire_date": "2016-10-01T07:31:55.550Z"}}, {"model": "sessions.session", "pk": "aw2hidvydfa64lt64ogd8qix1ek11eis", "fields": {"session_data": "ZGU1OTY0MjQxZmVhYjc0OWZmYWVlNDU1NDBkYWZiNGY1MGM0Mzc4Zjp7Il9zZXNzaW9uX2V4cGlyeSI6MCwiX2F1dGhfdXNlcl9pZCI6IjEiLCJfYXV0aF91c2VyX2hhc2giOiJkNjBhMjU5ZWE3OTg1YTlmYjBhZmVmNjM5YjkyY2I2OTNjOWFmMjI3IiwiX2F1dGhfdXNlcl9iYWNrZW5kIjoiZGphbmdvLmNvbnRyaWIuYXV0aC5iYWNrZW5kcy5Nb2RlbEJhY2tlbmQifQ==", "expire_date": "2017-01-12T14:57:34.585Z"}}, {"model": "sessions.session", "pk": "b6x90yq1qun3v1qo03t97do7b7b45qb8", "fields": {"session_data": "MDllZTM4ZWJkNzAxMzg2OGJlNGIzZGQ3YzZiMTYzNmIxYTRjYTg0ZTp7Il9hdXRoX3VzZXJfaGFzaCI6ImQ2MGEyNTllYTc5ODVhOWZiMGFmZWY2MzliOTJjYjY5M2M5YWYyMjciLCJfc2Vzc2lvbl9leHBpcnkiOjAsIl9hdXRoX3VzZXJfaWQiOiIxIiwiX2F1dGhfdXNlcl9iYWNrZW5kIjoiZGphbmdvLmNvbnRyaWIuYXV0aC5iYWNrZW5kcy5Nb2RlbEJhY2tlbmQifQ==", "expire_date": "2016-10-23T16:59:05.853Z"}}, {"model": "sessions.session", "pk": "bqeq46ee84cdbigs17e2dwxf0tw6iyda", "fields": {"session_data": "MjY3MDk5MjM0NjE4YmFjMzUxODM4NzA3MDc5NTczNmY4ZDYzZmZhMzp7Il9hdXRoX3VzZXJfYmFja2VuZCI6ImRqYW5nby5jb250cmliLmF1dGguYmFja2VuZHMuTW9kZWxCYWNrZW5kIiwiX2F1dGhfdXNlcl9pZCI6IjEiLCJfc2Vzc2lvbl9leHBpcnkiOjAsIl9hdXRoX3VzZXJfaGFzaCI6IjNlNGU1ODYyNzZjNDM4MzhkOWZmNWZiMzQzZDUwMjI3MDAxOTc5ZTYifQ==", "expire_date": "2016-09-30T15:31:59.439Z"}}, {"model": "sessions.session", "pk": "bsjps0jahm3ovyanz4vaha73nhutnu8x", "fields": {"session_data": "ZmZhMzkyODMyNzljYmI1Zjk3MWRkMDk2NDRkMGQwNDhjNGVkZjBlNzp7Il9zZXNzaW9uX2V4cGlyeSI6MH0=", "expire_date": "2016-10-02T16:05:11.941Z"}}, {"model": "sessions.session", "pk": "cvwa21ged93steo4is7rock8knyhws18", "fields": {"session_data": "MWJkMDRjZjJkZTI2NTk0ZTQ2YzZkODlmMTkzZjNiOWQyNWI0MjkyZjp7Il9hdXRoX3VzZXJfaGFzaCI6IjNlNGU1ODYyNzZjNDM4MzhkOWZmNWZiMzQzZDUwMjI3MDAxOTc5ZTYiLCJfc2Vzc2lvbl9leHBpcnkiOjAsIl9hdXRoX3VzZXJfYmFja2VuZCI6ImRqYW5nby5jb250cmliLmF1dGguYmFja2VuZHMuTW9kZWxCYWNrZW5kIiwiX2F1dGhfdXNlcl9pZCI6IjEifQ==", "expire_date": "2016-10-01T07:31:57.094Z"}}, {"model": "sessions.session", "pk": "euh62n2gd0n4mks08aa5aacbu56wy12t", "fields": {"session_data": "MzI1YjgyOGQ5ZjRkOWFhMjc0MGMwZjA4YWY3NTkxZTg5ZmEzMDI1ZTp7Il9zZXNzaW9uX2V4cGlyeSI6MCwiX2F1dGhfdXNlcl9pZCI6IjEiLCJfYXV0aF91c2VyX2JhY2tlbmQiOiJkamFuZ28uY29udHJpYi5hdXRoLmJhY2tlbmRzLk1vZGVsQmFja2VuZCIsIl9hdXRoX3VzZXJfaGFzaCI6IjNlNGU1ODYyNzZjNDM4MzhkOWZmNWZiMzQzZDUwMjI3MDAxOTc5ZTYifQ==", "expire_date": "2016-09-30T15:28:22.031Z"}}, {"model": "sessions.session", "pk": "flsyljkqppn6stq9ezi8anumyvfk5xf3", "fields": {"session_data": "ZjQ4ZTdmMmY4MmM4MmU2ODkwZGE2YmRiNWM5NDI0NTNmMThjYWUwYzp7Il9hdXRoX3VzZXJfaWQiOiIxIiwiX2F1dGhfdXNlcl9oYXNoIjoiM2U0ZTU4NjI3NmM0MzgzOGQ5ZmY1ZmIzNDNkNTAyMjcwMDE5NzllNiIsIl9hdXRoX3VzZXJfYmFja2VuZCI6ImRqYW5nby5jb250cmliLmF1dGguYmFja2VuZHMuTW9kZWxCYWNrZW5kIiwiX3Nlc3Npb25fZXhwaXJ5IjowfQ==", "expire_date": "2016-10-06T16:45:20.524Z"}}, {"model": "sessions.session", "pk": "gi2009owg6h9xjai9ymuxkhnujqavnh7", "fields": {"session_data": "MGQ1Y2IyYzA5ZDdhOGJmNTM0NTc4MDUzNDM0ZGQ1ZTEwM2E4ZmM4NDp7Il9hdXRoX3VzZXJfYmFja2VuZCI6ImRqYW5nby5jb250cmliLmF1dGguYmFja2VuZHMuTW9kZWxCYWNrZW5kIiwiX2F1dGhfdXNlcl9oYXNoIjoiM2U0ZTU4NjI3NmM0MzgzOGQ5ZmY1ZmIzNDNkNTAyMjcwMDE5NzllNiIsIl9hdXRoX3VzZXJfaWQiOiIxIiwiX3Nlc3Npb25fZXhwaXJ5IjowfQ==", "expire_date": "2016-09-30T15:32:42.232Z"}}, {"model": "sessions.session", "pk": "gn6wog9r68qpq5yd8synmwd7o3477ebm", "fields": {"session_data": "MWJkMDRjZjJkZTI2NTk0ZTQ2YzZkODlmMTkzZjNiOWQyNWI0MjkyZjp7Il9hdXRoX3VzZXJfaGFzaCI6IjNlNGU1ODYyNzZjNDM4MzhkOWZmNWZiMzQzZDUwMjI3MDAxOTc5ZTYiLCJfc2Vzc2lvbl9leHBpcnkiOjAsIl9hdXRoX3VzZXJfYmFja2VuZCI6ImRqYW5nby5jb250cmliLmF1dGguYmFja2VuZHMuTW9kZWxCYWNrZW5kIiwiX2F1dGhfdXNlcl9pZCI6IjEifQ==", "expire_date": "2016-10-01T07:32:07.205Z"}}, {"model": "sessions.session", "pk": "h6ph6n9ncfullzz5a5mqfvn697971672", "fields": {"session_data": "MjY3MDk5MjM0NjE4YmFjMzUxODM4NzA3MDc5NTczNmY4ZDYzZmZhMzp7Il9hdXRoX3VzZXJfYmFja2VuZCI6ImRqYW5nby5jb250cmliLmF1dGguYmFja2VuZHMuTW9kZWxCYWNrZW5kIiwiX2F1dGhfdXNlcl9pZCI6IjEiLCJfc2Vzc2lvbl9leHBpcnkiOjAsIl9hdXRoX3VzZXJfaGFzaCI6IjNlNGU1ODYyNzZjNDM4MzhkOWZmNWZiMzQzZDUwMjI3MDAxOTc5ZTYifQ==", "expire_date": "2016-09-30T15:31:50.072Z"}}, {"model": "sessions.session", "pk": "hc8kepgsn5dle411sxb4urnp4099yz1v", "fields": {"session_data": "MjY3MDk5MjM0NjE4YmFjMzUxODM4NzA3MDc5NTczNmY4ZDYzZmZhMzp7Il9hdXRoX3VzZXJfYmFja2VuZCI6ImRqYW5nby5jb250cmliLmF1dGguYmFja2VuZHMuTW9kZWxCYWNrZW5kIiwiX2F1dGhfdXNlcl9pZCI6IjEiLCJfc2Vzc2lvbl9leHBpcnkiOjAsIl9hdXRoX3VzZXJfaGFzaCI6IjNlNGU1ODYyNzZjNDM4MzhkOWZmNWZiMzQzZDUwMjI3MDAxOTc5ZTYifQ==", "expire_date": "2016-09-30T15:32:07.944Z"}}, {"model": "sessions.session", "pk": "hrdrl4c8jh4n5lhccf7zhgnbdymsd0kj", "fields": {"session_data": "NmMzMjU2ZWU5NjhhYTc5NjY5YjI2N2IwNGNjMWVmNWY0MWNmODM4Yzp7Il9hdXRoX3VzZXJfaWQiOiIxIiwiX2F1dGhfdXNlcl9iYWNrZW5kIjoiZGphbmdvLmNvbnRyaWIuYXV0aC5iYWNrZW5kcy5Nb2RlbEJhY2tlbmQiLCJfYXV0aF91c2VyX2hhc2giOiJkNjBhMjU5ZWE3OTg1YTlmYjBhZmVmNjM5YjkyY2I2OTNjOWFmMjI3IiwiX3Nlc3Npb25fZXhwaXJ5IjowfQ==", "expire_date": "2016-10-21T14:36:38.530Z"}}, {"model": "sessions.session", "pk": "i8jpr3l71obz4hv7uv7u7zs0opnxc674", "fields": {"session_data": "Nzk3MWZjNDViZTJkODQzZThlZTg3YmNlYzhjMjA4MWZhODM2NDUyZjp7Il9zZXNzaW9uX2V4cGlyeSI6MCwiX2F1dGhfdXNlcl9iYWNrZW5kIjoiZGphbmdvLmNvbnRyaWIuYXV0aC5iYWNrZW5kcy5Nb2RlbEJhY2tlbmQiLCJfYXV0aF91c2VyX2lkIjoiMSIsIl9hdXRoX3VzZXJfaGFzaCI6IjNlNGU1ODYyNzZjNDM4MzhkOWZmNWZiMzQzZDUwMjI3MDAxOTc5ZTYifQ==", "expire_date": "2016-09-30T15:28:42.331Z"}}, {"model": "sessions.session", "pk": "inv5kgicqxtpedi1rjm95qy6s9dabvpu", "fields": {"session_data": "Nzk3MWZjNDViZTJkODQzZThlZTg3YmNlYzhjMjA4MWZhODM2NDUyZjp7Il9zZXNzaW9uX2V4cGlyeSI6MCwiX2F1dGhfdXNlcl9iYWNrZW5kIjoiZGphbmdvLmNvbnRyaWIuYXV0aC5iYWNrZW5kcy5Nb2RlbEJhY2tlbmQiLCJfYXV0aF91c2VyX2lkIjoiMSIsIl9hdXRoX3VzZXJfaGFzaCI6IjNlNGU1ODYyNzZjNDM4MzhkOWZmNWZiMzQzZDUwMjI3MDAxOTc5ZTYifQ==", "expire_date": "2016-10-01T07:37:19.362Z"}}, {"model": "sessions.session", "pk": "jjt0dcxkxcm27t4u2k1ajcqfudmz3cbb", "fields": {"session_data": "ODk3OTcyMDIxZjY5MmU1ZmRjOGE5Y2ViYjc0YWEyZDkwYTA1MmM3ZDp7Il9zZXNzaW9uX2V4cGlyeSI6MCwiX2F1dGhfdXNlcl9pZCI6IjEiLCJfYXV0aF91c2VyX2hhc2giOiIzZTRlNTg2Mjc2YzQzODM4ZDlmZjVmYjM0M2Q1MDIyNzAwMTk3OWU2IiwiX2F1dGhfdXNlcl9iYWNrZW5kIjoiZGphbmdvLmNvbnRyaWIuYXV0aC5iYWNrZW5kcy5Nb2RlbEJhY2tlbmQifQ==", "expire_date": "2016-10-01T07:39:41.659Z"}}, {"model": "sessions.session", "pk": "k9wrbp09p5hmh9x3zpawxj3a4ddcbvuu", "fields": {"session_data": "YjEwYzg5OTY0ODVmYjdlNmNhMzI1YWQ0MGE5ZTA3MzY2OTdhODkyZjp7Il9hdXRoX3VzZXJfaWQiOiIxIiwiX2F1dGhfdXNlcl9oYXNoIjoiM2U0ZTU4NjI3NmM0MzgzOGQ5ZmY1ZmIzNDNkNTAyMjcwMDE5NzllNiIsIl9hdXRoX3VzZXJfYmFja2VuZCI6ImRqYW5nby5jb250cmliLmF1dGguYmFja2VuZHMuTW9kZWxCYWNrZW5kIn0=", "expire_date": "2016-09-11T13:26:05.818Z"}}, {"model": "sessions.session", "pk": "kxbkv6dmb6fx8xr6n05dsnkbo8cwm4tm", "fields": {"session_data": "ZmZhMzkyODMyNzljYmI1Zjk3MWRkMDk2NDRkMGQwNDhjNGVkZjBlNzp7Il9zZXNzaW9uX2V4cGlyeSI6MH0=", "expire_date": "2016-10-02T16:10:55.567Z"}}, {"model": "sessions.session", "pk": "m2s7qfdl9v068vukgm3c9rsy28auz8hl", "fields": {"session_data": "ODg2N2M3YmNjMmIzMjU4OTVkNDc4YWNkMWRjMGVmOTE0YjJlMDQ4MTp7Il9hdXRoX3VzZXJfaGFzaCI6ImQ2MGEyNTllYTc5ODVhOWZiMGFmZWY2MzliOTJjYjY5M2M5YWYyMjciLCJfYXV0aF91c2VyX2JhY2tlbmQiOiJkamFuZ28uY29udHJpYi5hdXRoLmJhY2tlbmRzLk1vZGVsQmFja2VuZCIsIl9hdXRoX3VzZXJfaWQiOiIxIn0=", "expire_date": "2016-11-13T14:35:59.280Z"}}, {"model": "sessions.session", "pk": "m2we3ydkmoo4r2234ba7zkool05u8xtk", "fields": {"session_data": "Nzk3MWZjNDViZTJkODQzZThlZTg3YmNlYzhjMjA4MWZhODM2NDUyZjp7Il9zZXNzaW9uX2V4cGlyeSI6MCwiX2F1dGhfdXNlcl9iYWNrZW5kIjoiZGphbmdvLmNvbnRyaWIuYXV0aC5iYWNrZW5kcy5Nb2RlbEJhY2tlbmQiLCJfYXV0aF91c2VyX2lkIjoiMSIsIl9hdXRoX3VzZXJfaGFzaCI6IjNlNGU1ODYyNzZjNDM4MzhkOWZmNWZiMzQzZDUwMjI3MDAxOTc5ZTYifQ==", "expire_date": "2016-10-01T07:37:15.826Z"}}, {"model": "sessions.session", "pk": "m4rct61ga28iny6wdshr8ja3cew2uu3s", "fields": {"session_data": "MzA2MTQ4YmQyMDljOGJkMGQyZjI0MWQ1ZmRkMWYwZTdjMWMzNzljMzp7Il9hdXRoX3VzZXJfaWQiOiIxIiwiX2F1dGhfdXNlcl9oYXNoIjoiZDYwYTI1OWVhNzk4NWE5ZmIwYWZlZjYzOWI5MmNiNjkzYzlhZjIyNyIsIl9hdXRoX3VzZXJfYmFja2VuZCI6ImRqYW5nby5jb250cmliLmF1dGguYmFja2VuZHMuTW9kZWxCYWNrZW5kIn0=", "expire_date": "2016-10-30T14:34:13.058Z"}}, {"model": "sessions.session", "pk": "mv0kqbszb1r41idc95w2r24yp20h9tn1", "fields": {"session_data": "ZDhmNjBlZTkzZjA5ZDkxOTZlMTM1YmI5YmRkYjcxYTlhYWI5NzEzODp7Il9hdXRoX3VzZXJfaWQiOiIxIiwiX2F1dGhfdXNlcl9iYWNrZW5kIjoiZGphbmdvLmNvbnRyaWIuYXV0aC5iYWNrZW5kcy5Nb2RlbEJhY2tlbmQiLCJfYXV0aF91c2VyX2hhc2giOiIzZTRlNTg2Mjc2YzQzODM4ZDlmZjVmYjM0M2Q1MDIyNzAwMTk3OWU2In0=", "expire_date": "2016-08-28T13:16:09.951Z"}}, {"model": "sessions.session", "pk": "nxmykfok7ynhjzojdsiyzsag2isltgvl", "fields": {"session_data": "ZjU1OGYxNjY5NzQxMzcwNmU0NWNlOTU5ZTg3ZTE1ZjNhMDZlMjhkMTp7Il9hdXRoX3VzZXJfaGFzaCI6IjNlNGU1ODYyNzZjNDM4MzhkOWZmNWZiMzQzZDUwMjI3MDAxOTc5ZTYiLCJfYXV0aF91c2VyX2lkIjoiMSIsIl9zZXNzaW9uX2V4cGlyeSI6MCwiX2F1dGhfdXNlcl9iYWNrZW5kIjoiZGphbmdvLmNvbnRyaWIuYXV0aC5iYWNrZW5kcy5Nb2RlbEJhY2tlbmQifQ==", "expire_date": "2016-10-03T07:43:37.997Z"}}, {"model": "sessions.session", "pk": "o57adyrfp8sqlarlop0aibjzfhlyv5jo", "fields": {"session_data": "OGZlYzFkNzNjODE1MDU5MmQ1ODhiNTdiMWVkY2FhODIxMzM2OTVhMjp7Il9hdXRoX3VzZXJfYmFja2VuZCI6ImRqYW5nby5jb250cmliLmF1dGguYmFja2VuZHMuTW9kZWxCYWNrZW5kIiwiX2F1dGhfdXNlcl9pZCI6IjEiLCJfYXV0aF91c2VyX2hhc2giOiJkNjBhMjU5ZWE3OTg1YTlmYjBhZmVmNjM5YjkyY2I2OTNjOWFmMjI3IiwiX3Nlc3Npb25fZXhwaXJ5IjowfQ==", "expire_date": "2016-10-17T19:17:53.867Z"}}, {"model": "sessions.session", "pk": "ocrah5xumqmszqpci6zim5s01uke8knd", "fields": {"session_data": "MGQ1Y2IyYzA5ZDdhOGJmNTM0NTc4MDUzNDM0ZGQ1ZTEwM2E4ZmM4NDp7Il9hdXRoX3VzZXJfYmFja2VuZCI6ImRqYW5nby5jb250cmliLmF1dGguYmFja2VuZHMuTW9kZWxCYWNrZW5kIiwiX2F1dGhfdXNlcl9oYXNoIjoiM2U0ZTU4NjI3NmM0MzgzOGQ5ZmY1ZmIzNDNkNTAyMjcwMDE5NzllNiIsIl9hdXRoX3VzZXJfaWQiOiIxIiwiX3Nlc3Npb25fZXhwaXJ5IjowfQ==", "expire_date": "2016-09-30T15:39:06.587Z"}}, {"model": "sessions.session", "pk": "pm49gfgvcb6qob7vfxjjsgyh6mk7fr0g", "fields": {"session_data": "Nzk3MWZjNDViZTJkODQzZThlZTg3YmNlYzhjMjA4MWZhODM2NDUyZjp7Il9zZXNzaW9uX2V4cGlyeSI6MCwiX2F1dGhfdXNlcl9iYWNrZW5kIjoiZGphbmdvLmNvbnRyaWIuYXV0aC5iYWNrZW5kcy5Nb2RlbEJhY2tlbmQiLCJfYXV0aF91c2VyX2lkIjoiMSIsIl9hdXRoX3VzZXJfaGFzaCI6IjNlNGU1ODYyNzZjNDM4MzhkOWZmNWZiMzQzZDUwMjI3MDAxOTc5ZTYifQ==", "expire_date": "2016-10-02T18:41:04.632Z"}}, {"model": "sessions.session", "pk": "qgshou55fanxalrydqdflpx6qrvr5jyu", "fields": {"session_data": "MzMxMzExMTM1MjBlYjM5ZWRiNDFiMWY3ZTE1ZmNiZDA4MDdkNWJjNzp7Il9hdXRoX3VzZXJfaGFzaCI6IjAyODBkZmNlM2U0ODc5MDc4YmZlYWUwMTExMDEzYWQwYmY3NDJlMWYiLCJfYXV0aF91c2VyX2JhY2tlbmQiOiJkamFuZ28uY29udHJpYi5hdXRoLmJhY2tlbmRzLk1vZGVsQmFja2VuZCIsIl9zZXNzaW9uX2V4cGlyeSI6MCwiX2F1dGhfdXNlcl9pZCI6IjEifQ==", "expire_date": "2016-10-11T08:29:57.054Z"}}, {"model": "sessions.session", "pk": "qlpeayg472wrl2t3mgfl5lfkq1pwh7gj", "fields": {"session_data": "MzA2MTQ4YmQyMDljOGJkMGQyZjI0MWQ1ZmRkMWYwZTdjMWMzNzljMzp7Il9hdXRoX3VzZXJfaWQiOiIxIiwiX2F1dGhfdXNlcl9oYXNoIjoiZDYwYTI1OWVhNzk4NWE5ZmIwYWZlZjYzOWI5MmNiNjkzYzlhZjIyNyIsIl9hdXRoX3VzZXJfYmFja2VuZCI6ImRqYW5nby5jb250cmliLmF1dGguYmFja2VuZHMuTW9kZWxCYWNrZW5kIn0=", "expire_date": "2016-11-27T16:11:12.485Z"}}, {"model": "sessions.session", "pk": "qu5sinwld6xqnjvqoeykg1kczhak25qr", "fields": {"session_data": "NTNjMzkyYjE1ZTk5YWU0MzI4MWQ5M2VmOWY0YTUzYjViM2FkMjFhMDp7Il9hdXRoX3VzZXJfaGFzaCI6ImQwODdmNzRiZTFlZjZkMDE1MTg2NmIxM2FiOWFhMTkzOTA4NTQxYTciLCJfYXV0aF91c2VyX2JhY2tlbmQiOiJkamFuZ28uY29udHJpYi5hdXRoLmJhY2tlbmRzLk1vZGVsQmFja2VuZCIsIl9hdXRoX3VzZXJfaWQiOiIxIiwiX3Nlc3Npb25fZXhwaXJ5IjowfQ==", "expire_date": "2017-01-27T08:20:58.670Z"}}, {"model": "sessions.session", "pk": "r0d4rx1kcrvcooscpwe2v6pj4niyw5hf", "fields": {"session_data": "ZjQ4ZTdmMmY4MmM4MmU2ODkwZGE2YmRiNWM5NDI0NTNmMThjYWUwYzp7Il9hdXRoX3VzZXJfaWQiOiIxIiwiX2F1dGhfdXNlcl9oYXNoIjoiM2U0ZTU4NjI3NmM0MzgzOGQ5ZmY1ZmIzNDNkNTAyMjcwMDE5NzllNiIsIl9hdXRoX3VzZXJfYmFja2VuZCI6ImRqYW5nby5jb250cmliLmF1dGguYmFja2VuZHMuTW9kZWxCYWNrZW5kIiwiX3Nlc3Npb25fZXhwaXJ5IjowfQ==", "expire_date": "2016-10-01T07:38:03.901Z"}}, {"model": "sessions.session", "pk": "se6k4433aqynk3mbik5w0kujb9ayh5sl", "fields": {"session_data": "ZmZhMzkyODMyNzljYmI1Zjk3MWRkMDk2NDRkMGQwNDhjNGVkZjBlNzp7Il9zZXNzaW9uX2V4cGlyeSI6MH0=", "expire_date": "2016-10-02T16:04:50.149Z"}}, {"model": "sessions.session", "pk": "sybwr67cimmp6z7xxj111uky12aqc9f1", "fields": {"session_data": "MzI1YjgyOGQ5ZjRkOWFhMjc0MGMwZjA4YWY3NTkxZTg5ZmEzMDI1ZTp7Il9zZXNzaW9uX2V4cGlyeSI6MCwiX2F1dGhfdXNlcl9pZCI6IjEiLCJfYXV0aF91c2VyX2JhY2tlbmQiOiJkamFuZ28uY29udHJpYi5hdXRoLmJhY2tlbmRzLk1vZGVsQmFja2VuZCIsIl9hdXRoX3VzZXJfaGFzaCI6IjNlNGU1ODYyNzZjNDM4MzhkOWZmNWZiMzQzZDUwMjI3MDAxOTc5ZTYifQ==", "expire_date": "2016-09-30T15:28:24.626Z"}}, {"model": "sessions.session", "pk": "vn2c6e6edr4v3ymcd659b1z6zpi4c3he", "fields": {"session_data": "MjdhYzkzYzZmODYyMjM1OGViMDgxYjlkNGQ4OGNmNTEwYzhjNjFjMTp7Il9zZXNzaW9uX2V4cGlyeSI6MCwiX2F1dGhfdXNlcl9oYXNoIjoiM2U0ZTU4NjI3NmM0MzgzOGQ5ZmY1ZmIzNDNkNTAyMjcwMDE5NzllNiIsIl9hdXRoX3VzZXJfYmFja2VuZCI6ImRqYW5nby5jb250cmliLmF1dGguYmFja2VuZHMuTW9kZWxCYWNrZW5kIiwiX2F1dGhfdXNlcl9pZCI6IjEifQ==", "expire_date": "2016-09-30T15:29:23.043Z"}}, {"model": "sessions.session", "pk": "wuzqwaqt6vlkkx6hvgfw8o8yogonqhyy", "fields": {"session_data": "MjY3MDk5MjM0NjE4YmFjMzUxODM4NzA3MDc5NTczNmY4ZDYzZmZhMzp7Il9hdXRoX3VzZXJfYmFja2VuZCI6ImRqYW5nby5jb250cmliLmF1dGguYmFja2VuZHMuTW9kZWxCYWNrZW5kIiwiX2F1dGhfdXNlcl9pZCI6IjEiLCJfc2Vzc2lvbl9leHBpcnkiOjAsIl9hdXRoX3VzZXJfaGFzaCI6IjNlNGU1ODYyNzZjNDM4MzhkOWZmNWZiMzQzZDUwMjI3MDAxOTc5ZTYifQ==", "expire_date": "2016-09-30T15:29:43.379Z"}}, {"model": "sessions.session", "pk": "zkmg6tvzhz588t752zihvplyphbzbjx5", "fields": {"session_data": "YWNiM2Y5NzhmNzZlNjNjYWQwZDkxYWI1MDU3ZWVmZjg1MGUwOTMwNDp7Il9hdXRoX3VzZXJfaWQiOiIxIiwiX2F1dGhfdXNlcl9oYXNoIjoiY2JiNGZhZDIyOWU1YmNhZTJmY2I4YTM2ZWE1ODQxOGQ3ZWExMzIwMSIsIl9zZXNzaW9uX2V4cGlyeSI6MCwiX2F1dGhfdXNlcl9iYWNrZW5kIjoiZGphbmdvLmNvbnRyaWIuYXV0aC5iYWNrZW5kcy5Nb2RlbEJhY2tlbmQifQ==", "expire_date": "2017-01-28T08:52:43.095Z"}}, {"model": "LearnSecurity.maze", "pk": 2, "fields": {"name": "BasicLinux", "desc": "Basic Level Linux Maze", "difficulty": 1, "how_to": "To solve steps login ssh basiclinux@server_ip with password basiclinux. Have fun!"}}, {"model": "LearnSecurity.maze", "pk": 3, "fields": {"name": "Crypto", "desc": "Cryptography maze", "difficulty": 3, "how_to": "Server: ip login/pass: crypto. Some are not long and are provided in step, longer files can be downloaded."}}, {"model": "LearnSecurity.level", "pk": 1, "fields": {"maze": 2, "level": 1, "short_description": "man"}}, {"model": "LearnSecurity.level", "pk": 2, "fields": {"maze": 2, "level": 2, "short_description": "ls"}}, {"model": "LearnSecurity.level", "pk": 3, "fields": {"maze": 2, "level": 3, "short_description": "cat"}}, {"model": "LearnSecurity.level", "pk": 4, "fields": {"maze": 2, "level": 4, "short_description": "cd"}}, {"model": "LearnSecurity.level", "pk": 5, "fields": {"maze": 2, "level": 5, "short_description": "grep"}}, {"model": "LearnSecurity.level", "pk": 6, "fields": {"maze": 2, "level": 6, "short_description": "head, tail"}}, {"model": "LearnSecurity.level", "pk": 7, "fields": {"maze": 2, "level": 7, "short_description": "find"}}, {"model": "LearnSecurity.level", "pk": 8, "fields": {"maze": 2, "level": 8, "short_description": "which"}}, {"model": "LearnSecurity.level", "pk": 9, "fields": {"maze": 2, "level": 9, "short_description": "Text utils"}}, {"model": "LearnSecurity.level", "pk": 10, "fields": {"maze": 2, "level": 10, "short_description": "tar + file"}}, {"model": "LearnSecurity.level", "pk": 11, "fields": {"maze": 2, "level": 11, "short_description": "More utils"}}, {"model": "LearnSecurity.level", "pk": 15, "fields": {"maze": 3, "level": 1, "short_description": "Transposition Ciphers"}}, {"model": "LearnSecurity.level", "pk": 16, "fields": {"maze": 3, "level": 2, "short_description": "Substitution Ciphers"}}, {"model": "LearnSecurity.level", "pk": 17, "fields": {"maze": 3, "level": 4, "short_description": "Modern Day Ciphers"}}, {"model": "LearnSecurity.level", "pk": 18, "fields": {"maze": 3, "level": 6, "short_description": "AES"}}, {"model": "LearnSecurity.level", "pk": 19, "fields": {"maze": 3, "level": 7, "short_description": "Key Distribution"}}, {"model": "LearnSecurity.level", "pk": 20, "fields": {"maze": 3, "level": 8, "short_description": "Hashes"}}, {"model": "LearnSecurity.level", "pk": 21, "fields": {"maze": 3, "level": 3, "short_description": "Enigma"}}, {"model": "LearnSecurity.level", "pk": 22, "fields": {"maze": 3, "level": 5, "short_description": "Des"}}, {"model": "LearnSecurity.level", "pk": 23, "fields": {"maze": 3, "level": 9, "short_description": "Stream Ciphers"}}, {"model": "LearnSecurity.level", "pk": 24, "fields": {"maze": 3, "level": 10, "short_description": "Block chaining"}}, {"model": "LearnSecurity.levelstep", "pk": 1, "fields": {"level": 1, "level_step": 1, "help": "Game is 6th section", "answer": "man 6 basicman", "password": "manpagesarecool"}}, {"model": "LearnSecurity.levelstep", "pk": 2, "fields": {"level": 1, "level_step": 2, "help": "Starts with 's' and ends with ']'", "answer": "man sl", "password": "sl [ -alFe ]"}}, {"model": "LearnSecurity.levelstep", "pk": 3, "fields": {"level": 2, "level_step": 1, "help": "ls path in description", "answer": "ls ~/list/pswd/", "password": "listcontent"}}, {"model": "LearnSecurity.levelstep", "pk": 4, "fields": {"level": 2, "level_step": 2, "help": "Use man ls to find which switch shows hidden files", "answer": "ls -a ~/list/pswd/", "password": ".hiddentcontent"}}, {"model": "LearnSecurity.levelstep", "pk": 5, "fields": {"level": 2, "level_step": 3, "help": "Check manual for long listing format", "answer": "ls -l ~/list/privledges", "password": "-rw-r-----"}}, {"model": "LearnSecurity.levelstep", "pk": 6, "fields": {"level": 3, "level_step": 1, "help": "Use cat to display the file", "answer": "cat /home/basiclinux/cat/pass", "password": "cat_in_boots"}}, {"model": "LearnSecurity.levelstep", "pk": 7, "fields": {"level": 3, "level_step": 2, "help": "cat every file (try to do it using one command)", "answer": "cat ~/cat/A/pass ~/cat/B/pass ~/cat/C/pass", "password": "concatenate"}}, {"model": "LearnSecurity.levelstep", "pk": 8, "fields": {"level": 4, "level_step": 1, "help": "cd every folder you encouner, then cat A B C files.", "answer": "cd ~/changedir/Phasellus/nec/sapien/vel/mauris/sollicitudin/interdum/nec/eu/ligula && cat A B C", "password": "LoremIpsumDolor"}}, {"model": "LearnSecurity.levelstep", "pk": 9, "fields": {"level": 5, "level_step": 1, "help": "Just grep 'password'!", "answer": "grep /home/basiclinux/grep/A -e \"password\"", "password": "ImagineScrollingHere"}}, {"model": "LearnSecurity.levelstep", "pk": 10, "fields": {"level": 5, "level_step": 2, "help": "Look for -e switch in manual", "answer": "grep /home/basiclinux/grep/B -e \\\"-2\\\\*2\\\"", "password": "MathIsForMathematicans"}}, {"model": "LearnSecurity.levelstep", "pk": 11, "fields": {"level": 5, "level_step": 3, "help": "try make cat display line numbers, then grep", "answer": "cat -n /home/basiclinux/grep/C", "password": "BankOfFranceFounded"}}, {"model": "LearnSecurity.levelstep", "pk": 12, "fields": {"level": 5, "level_step": 4, "help": "See what ^ .* and $ mean in regex.", "answer": "grep /home/basiclinux/grep/D -e \"^*.*;$\"", "password": "*int magic = 2321;"}}, {"model": "LearnSecurity.levelstep", "pk": 13, "fields": {"level": 6, "level_step": 1, "help": "Use head and tail to display lines", "answer": "head -1 ~/headtail/A && tail -1 ~/headtail/A", "password": "alphaomega"}}, {"model": "LearnSecurity.levelstep", "pk": 14, "fields": {"level": 6, "level_step": 2, "help": "head first N lines then subtract K lines with tail", "answer": "head -1703 ~/headtail/A | tail -14", "password": "BETAGAMMADELTA"}}, {"model": "LearnSecurity.levelstep", "pk": 15, "fields": {"level": 7, "level_step": 1, "help": "Look for a switch indicating size and user.", "answer": "find /home/basiclinux/find/ -size 2048c -user basiclinux", "password": "FOOBAR"}}, {"model": "LearnSecurity.levelstep", "pk": 16, "fields": {"level": 8, "level_step": 1, "help": "Simply use which.", "answer": "which basicman", "password": "/usr/local/bin/basicman"}}, {"model": "LearnSecurity.levelstep", "pk": 17, "fields": {"level": 8, "level_step": 2, "help": "Environmental variables are denoted by $ sign.", "answer": "echo $PATH", "password": "/home/basiclinux"}}, {"model": "LearnSecurity.levelstep", "pk": 18, "fields": {"level": 9, "level_step": 1, "help": "See uniq, wc and remember the piping.", "answer": "uniq filter/A | wc -l", "password": "1337"}}, {"model": "LearnSecurity.levelstep", "pk": 19, "fields": {"level": 9, "level_step": 2, "help": "This one might take a while to figure out, rot enc/dec can be done using tr", "answer": "cat filter/B | cut -d\"|\" -f3 | tr -d \"\\n\\\" | tr \"[A-Za-z]\" \"[X-ZA-Wx-za-w]\"", "password": "CaesarCipher"}}, {"model": "LearnSecurity.levelstep", "pk": 20, "fields": {"level": 10, "level_step": 1, "help": "Use file to see package type. Package types are tar, gzip and bzip2.", "answer": "tar -jxvf file OR tar -zxvf file OR tar -xvf file", "password": "PidgeonHolePrinciple"}}, {"model": "LearnSecurity.levelstep", "pk": 21, "fields": {"level": 15, "level_step": 1, "help": "Delete spaces! Split into groups of 5 letters, add J if group is less. Then reaarange each letter to position given by a function.", "answer": "LSPIMNEATRISSPOJTNIO", "password": "LSPIMNEATRISSPOJTNIO"}}, {"model": "LearnSecurity.levelstep", "pk": 22, "fields": {"level": 15, "level_step": 2, "help": "Columns numerical order: ( 2 4 6 1 3 5 7 )", "answer": "BIRDSFLYINVFORMATION", "password": "BIRDSFLYINVFORMATION"}}, {"model": "LearnSecurity.levelstep", "pk": 23, "fields": {"level": 15, "level_step": 3, "help": "First row is 4 letter long, second is 1 letter long.", "answer": "VAMBERCTYTFESHHLAWE", "password": "VAMBERCTYTFESHHLAWE"}}, {"model": "LearnSecurity.levelstep", "pk": 24, "fields": {"level": 15, "level_step": 4, "help": "Scroll down to see thorough description of turning grille cipher.", "answer": "RAINBOWUNICORNLASERDINOJJ", "password": "RAINBOWUNICORNLASERDINOJJ"}}, {"model": "LearnSecurity.levelstep", "pk": 25, "fields": {"level": 15, "level_step": 5, "help": "No help :(", "answer": "OMNENEYETLBRIDYANOTCLGNASHMLAOROOJSN", "password": "OMNENEYETLBRIDYANOTCLGNASHMLAOROOJSN"}}, {"model": "LearnSecurity.userprogress", "pk": 1, "fields": {"user": 1, "level_step": 25, "passed": true}}, {"model": "LearnSecurity.userprogress", "pk": 2, "fields": {"user": 1, "level_step": 1, "passed": true}}, {"model": "LearnSecurity.userprogress", "pk": 3, "fields": {"user": 1, "level_step": 20, "passed": true}}, {"model": "LearnSecurity.userprogress", "pk": 4, "fields": {"user": 1, "level_step": 2, "passed": true}}, {"model": "LearnSecurity.userprogress", "pk": 5, "fields": {"user": 1, "level_step": 9, "passed": true}}, {"model": "LearnSecurity.userprogress", "pk": 6, "fields": {"user": 1, "level_step": 10, "passed": true}}, {"model": "LearnSecurity.userprogress", "pk": 7, "fields": {"user": 1, "level_step": 11, "passed": true}}, {"model": "LearnSecurity.userprogress", "pk": 8, "fields": {"user": 1, "level_step": 3, "passed": true}}, {"model": "LearnSecurity.userprogress", "pk": 9, "fields": {"user": 1, "level_step": 4, "passed": true}}, {"model": "LearnSecurity.userprogress", "pk": 10, "fields": {"user": 1, "level_step": 22, "passed": true}}, {"model": "LearnSecurity.userprogress", "pk": 11, "fields": {"user": 1, "level_step": 15, "passed": true}}, {"model": "LearnSecurity.userprogress", "pk": 12, "fields": {"user": 1, "level_step": 12, "passed": true}}, {"model": "LearnSecurity.userprogress", "pk": 13, "fields": {"user": 1, "level_step": 16, "passed": true}}, {"model": "LearnSecurity.userprogress", "pk": 14, "fields": {"user": 1, "level_step": 16, "passed": true}}, {"model": "LearnSecurity.userpic", "pk": 1, "fields": {"user": 1, "image": "FEXJVTZLi3apiUbAxnzXTGUhrnFWZ8JF3Hf7jzsKmpTVHr0R3C4REiFntrlEfnti.gif"}}, {"model": "LearnSecurity.passwordrecoverykey", "pk": 37, "fields": {"user": 1, "random_gen": "VhcUb03J", "valid_until": "2017-01-09T20:44:05.810Z"}}, {"model": "LearnSecurity.passwordrecoverykey", "pk": 38, "fields": {"user": 1, "random_gen": "qgJUJxRc", "valid_until": "2017-01-09T20:57:36.544Z"}}, {"model": "LearnSecurity.passwordrecoverykey", "pk": 41, "fields": {"user": 1, "random_gen": "atlXlKg6", "valid_until": "2017-01-09T21:07:18.544Z"}}]